{
  "split_parent": 1,
  "subjects": 9,
  "median_\u0394xent": 0.4121061221984017,
  "CI95": [
    0.2111471323541906,
    0.5505463049426363
  ],
  "wilcoxon_p": 0.00390625,
  "effect_r": 0.9618783041422524
}