{
  "K_chi": {
    "128": 1.2207691216057306,
    "256": 1.3457691216057306,
    "64": 1.0957691216057306
  },
  "K_hint": 1.5957691216057306,
  "K_pairs": [
    1.4035595336712428,
    1.36001469609152
  ],
  "Kc_baseline": 1.36001469609152,
  "bootstrap": {
    "Kc": {
      "ci95": [
        1.1257691216057306,
        1.6007691216057307
      ],
      "median": 1.521996680064681
    },
    "beta": {
      "ci95": [
        0.25,
        0.25
      ],
      "median": 0.25
    },
    "nu": {
      "ci95": [
        1.8000000000000007,
        1.8000000000000007
      ],
      "median": 1.8000000000000007
    }
  },
  "collapse_best": {
    "Kc": 1.39001469609152,
    "beta": 0.25,
    "nu": 1.8000000000000007,
    "score": 0.02221655864997071
  },
  "meta": {
    "N_list": [
      64,
      128,
      256
    ],
    "artifacts": "E:\\CNT\\notebooks\\archive\\cnt_collapse_v1\\20251110-030052Z",
    "beta_grid": [
      0.25,
      0.27,
      0.29000000000000004,
      0.31000000000000005,
      0.33000000000000007,
      0.3500000000000001,
      0.3700000000000001,
      0.3900000000000001,
      0.41000000000000014,
      0.43000000000000016,
      0.4500000000000002,
      0.4700000000000002,
      0.4900000000000002,
      0.5100000000000002,
      0.5300000000000002,
      0.5500000000000003
    ],
    "boot": 12,
    "burn": 4400,
    "delta": 1.0,
    "dist": "gauss",
    "dk_radius": 0.03,
    "dt": 0.006,
    "gridK": 41,
    "nu_grid": [
      1.0,
      1.05,
      1.1,
      1.1500000000000001,
      1.2000000000000002,
      1.2500000000000002,
      1.3000000000000003,
      1.3500000000000003,
      1.4000000000000004,
      1.4500000000000004,
      1.5000000000000004,
      1.5500000000000005,
      1.6000000000000005,
      1.6500000000000006,
      1.7000000000000006,
      1.7500000000000007,
      1.8000000000000007
    ],
    "preps": 2,
    "run": "20251110-030052Z",
    "sigma": 1.0,
    "steps": 5000,
    "window": 600
  }
}