{
  "K5": [
    [
      0,
      0,
      0,
      0,
      1
    ],
    [
      0,
      -1,
      -1,
      -2,
      0
    ],
    [
      0,
      -1,
      0,
      -2,
      0
    ],
    [
      -1,
      -2,
      -1,
      -1,
      0
    ],
    [
      0,
      0,
      -1,
      0,
      0
    ]
  ],
  "thr_on": 0,
  "thr_off": -1,
  "glyph": 0.9106297224771378,
  "basin": 0.5,
  "score": 0.7463778334862827
}