{
  "dpi_bits": {
    "I_XY": 0.32520042524324955,
    "I_XZ": 0.046716848469147434
  },
  "gauge_invariance": {
    "base_mi": 1.3220198115794857,
    "perm": {
      "0": 4,
      "1": 1,
      "2": 0,
      "3": 2,
      "4": 3
    },
    "perm_mi": 1.322019811579486
  },
  "kl_monotone": {
    "KL_coarse": 0.3475112573777156,
    "KL_fine": 2.8709027396551856,
    "map": {
      "0": 0,
      "1": 0,
      "2": 1,
      "3": 1,
      "4": 2,
      "5": 2
    },
    "p_fine": [
      0.2810302890674275,
      0.02253120548710414,
      0.24537926784768363,
      0.03955006589122477,
      0.3035125491121761,
      0.10799662259438371
    ],
    "q_fine": [
      0.014673735303417547,
      0.1051005565249179,
      0.26333730723978416,
      0.3489159017659172,
      0.0030595976558152873,
      0.264912901510148
    ]
  },
  "kuramoto": {
    "K": [
      0.0,
      0.20833333333333334,
      0.4166666666666667,
      0.625,
      0.8333333333333334,
      1.0416666666666667,
      1.25,
      1.4583333333333335,
      1.6666666666666667,
      1.875,
      2.0833333333333335,
      2.291666666666667,
      2.5
    ],
    "Kc_est~r>0.5": 1.875,
    "N": 64,
    "dt": 0.01,
    "r": [
      0.11322207108495042,
      0.1027876298714181,
      0.09597197150176354,
      0.18586897935130098,
      0.03651694827707591,
      0.29791344932640906,
      0.25953160801301306,
      0.3767082498380767,
      0.37471788498367475,
      0.7503345680855964,
      0.5024669038699381,
      0.72815412663285,
      0.8570827643468456
    ],
    "steps": 1200
  },
  "meta": {
    "artifacts": "E:\\CNT\\notebooks\\archive\\cnt_unify_v1\\20251109-052827Z",
    "run_ts": "20251109-052827Z",
    "versions": {
      "matplotlib": "3.10.7",
      "numpy": "2.3.4",
      "python": "3.13.5",
      "scipy_ok": true
    }
  }
}