{
  "K5": [
    [
      1,
      0,
      1,
      -1,
      1
    ],
    [
      1,
      -2,
      -1,
      -2,
      -1
    ],
    [
      -1,
      -1,
      0,
      -1,
      -1
    ],
    [
      -1,
      -1,
      -1,
      -1,
      0
    ],
    [
      -1,
      0,
      -1,
      0,
      2
    ]
  ],
  "thr_on": -2,
  "thr_off": -3,
  "glyph_sync": 0.4722883803230322,
  "glyph_checker": 0.0,
  "pass_sync": 0,
  "pass_checker": 0,
  "basin_sync": 0.0,
  "basin_checker": 0.0,
  "score": 0.16530093311306127
}