{
  "K5": [
    [
      0,
      0,
      0,
      0,
      1
    ],
    [
      0,
      -1,
      -1,
      -2,
      0
    ],
    [
      0,
      -1,
      0,
      -2,
      0
    ],
    [
      -1,
      -2,
      -1,
      -1,
      0
    ],
    [
      0,
      0,
      -1,
      0,
      0
    ]
  ],
  "thr_on_on": 0,
  "thr_off_off": -1,
  "glyph_sync": 0.9405384109244026,
  "glyph_checker": 0.0,
  "pass_sync": 1,
  "pass_checker": 0,
  "pass_checker_paired": 0,
  "basin_checker": 0.0,
  "score": 0.6113499671008618
}