{
  "K": [
    [
      -1,
      1,
      -1
    ],
    [
      -1,
      0,
      -1
    ],
    [
      0,
      1,
      -1
    ]
  ],
  "thr_on": -1,
  "thr_off": -2,
  "score": 1.0100159536914908,
  "meta": {
    "sym": 0.0,
    "rec": 0.984375,
    "comp_norm": 0.9964735243055556,
    "coh": 3.8815357234418993e-25,
    "period": 2,
    "period_sim": 1.0,
    "entropy": 0.9998238825988728,
    "alive": 0.4921875,
    "glyphness": 0.8348403468276515,
    "invariance": 0.7890625,
    "robustness": 1.0,
    "gauge_bonus": 0.8253968253968254
  }
}