{
  "K": [
    [
      -1,
      1,
      -2
    ],
    [
      -2,
      0,
      -2
    ],
    [
      -2,
      1,
      -1
    ]
  ],
  "thr_on": 1,
  "thr_off": -1,
  "period": 2,
  "period_sim": 1.0,
  "comp_norm": 0.8894585503472222,
  "diversity": 0.6737878424744446,
  "anisotropy": 1.5809760348199122,
  "components": 786,
  "comp_cv": 0.8432523647868396,
  "alive": 0.3626708984375,
  "entropy": 0.9448779247533512,
  "inv_parity": 1.0,
  "inv_mid": 0.989013671875,
  "dyn_gauge": 1.0,
  "glyph_v03": 0.9229360000134557,
  "basin": 0.3333333333333333,
  "score_v03": 0.7460552000094189
}