{
  "rule_id": 55,
  "trial": 3,
  "seed": 10593077,
  "score": 0.9397845739494332,
  "glyphness": 0.8996409565823885,
  "symmetry": 1.0,
  "recurrence": 1.0,
  "compressibility": 0.9973551432291666,
  "cohesion": 0.0016992793655526586,
  "invariance": 1.0,
  "meta": {
    "kind": "lifelike",
    "birth": [
      4,
      5
    ],
    "survive": [
      5
    ]
  }
}