{
  "rule_id": 68,
  "trial": 6,
  "seed": 10594377,
  "score": 0.8666017401404548,
  "glyphness": 0.7725565076246595,
  "symmetry": 0.0,
  "recurrence": 0.59490966796875,
  "compressibility": 0.9741278754340278,
  "cohesion": 0.13717599747055406,
  "alive": 0.39788818359375,
  "entropy": 0.9697018487911537,
  "period": 5,
  "period_sim": 0.96868896484375,
  "invariance": 0.95550537109375,
  "robustness": 0.968359375,
  "meta": {
    "kind": "kernel",
    "K": [
      [
        -1,
        1,
        -2
      ],
      [
        0,
        0,
        -2
      ],
      [
        1,
        -1,
        0
      ]
    ],
    "thr_on": -1,
    "thr_off": -1
  }
}