{
  "rule_id": 4,
  "trial": 3,
  "seed": 10588130,
  "score": 0.8504891782852885,
  "glyphness": 0.7895411820914102,
  "symmetry": 0.0,
  "recurrence": 0.71630859375,
  "compressibility": 0.9601576063368056,
  "cohesion": 0.17565659038616627,
  "alive": 0.4981689453125,
  "entropy": 0.9999903259542657,
  "period": 2,
  "period_sim": 0.9891357421875,
  "invariance": 0.8612060546875,
  "robustness": 0.9867838541666667,
  "meta": {
    "kind": "kernel",
    "K": [
      [
        0,
        -1,
        -1
      ],
      [
        2,
        0,
        2
      ],
      [
        -2,
        1,
        -2
      ]
    ],
    "thr_on": 0,
    "thr_off": -1
  }
}