{
  "rule_id": 4,
  "trial": 4,
  "seed": 10588143,
  "score": 0.8966793546578917,
  "glyphness": 0.8239226741595335,
  "symmetry": 0.0,
  "recurrence": 0.9681559244791667,
  "compressibility": 0.96856689453125,
  "cohesion": 0.002508176550353912,
  "alive": 0.5001220703125,
  "entropy": 0.999999957004337,
  "period": 2,
  "period_sim": 0.99212646484375,
  "invariance": 0.95648193359375,
  "robustness": 0.9888671875,
  "meta": {
    "kind": "kernel",
    "K": [
      [
        0,
        -1,
        -1
      ],
      [
        2,
        0,
        2
      ],
      [
        -2,
        1,
        -2
      ]
    ],
    "thr_on": 0,
    "thr_off": -1
  }
}