{
  "rule_id": 4,
  "trial": 6,
  "seed": 10588169,
  "score": 0.8779730016442855,
  "glyphness": 0.8122578522469044,
  "symmetry": 0.0,
  "recurrence": 0.9111002604166667,
  "compressibility": 0.9666341145833334,
  "cohesion": 0.005311861720937017,
  "alive": 0.50146484375,
  "entropy": 0.9999938086157121,
  "period": 2,
  "period_sim": 0.99273681640625,
  "invariance": 0.912353515625,
  "robustness": 0.9906901041666667,
  "meta": {
    "kind": "kernel",
    "K": [
      [
        0,
        -1,
        -1
      ],
      [
        2,
        0,
        2
      ],
      [
        -2,
        1,
        -2
      ]
    ],
    "thr_on": 0,
    "thr_off": -1
  }
}