{
  "rule_id": 77,
  "trial": 4,
  "seed": 10595224,
  "score": 0.8375909248234502,
  "glyphness": 0.7655448053760672,
  "symmetry": 0.0,
  "recurrence": 0.36581624348958336,
  "compressibility": 0.9824354383680556,
  "cohesion": 0.6281409248544204,
  "alive": 0.3175048828125,
  "entropy": 0.9016474439461764,
  "period": 3,
  "period_sim": 0.9110107421875,
  "invariance": 0.8736572265625,
  "robustness": 0.9636067708333333,
  "meta": {
    "kind": "kernel",
    "K": [
      [
        -2,
        0,
        -2
      ],
      [
        -2,
        0,
        -2
      ],
      [
        0,
        2,
        2
      ]
    ],
    "thr_on": 1,
    "thr_off": 0
  }
}