{
  "rule_id": 77,
  "trial": 3,
  "seed": 10595211,
  "score": 0.827794986618392,
  "glyphness": 0.7644156568305339,
  "symmetry": 0.0,
  "recurrence": 0.3455810546875,
  "compressibility": 0.9856228298611112,
  "cohesion": 0.538525057888672,
  "alive": 0.327880859375,
  "entropy": 0.9127465899847083,
  "period": 3,
  "period_sim": 0.968017578125,
  "invariance": 0.86029052734375,
  "robustness": 0.9375,
  "meta": {
    "kind": "kernel",
    "K": [
      [
        -2,
        0,
        -2
      ],
      [
        -2,
        0,
        -2
      ],
      [
        0,
        2,
        2
      ]
    ],
    "thr_on": 1,
    "thr_off": 0
  }
}