{
  "item_id": "math_01",
  "vanilla_sem": 0.810890793800354,
  "vanilla_hybrid": 0.405445396900177,
  "restored_sem_vs_alts": 0.7361912727355957,
  "restored_concept": 0.0,
  "restored_hybrid": 0.36809563636779785,
  "centrality": [
    0.7361913323402405,
    0.7361913323402405,
    0.7361913323402405,
    0.7361913323402405,
    0.7361913323402405,
    0.49215444922447205,
    0.6071385145187378,
    0.6071385145187378,
    0.6071385145187378
  ],
  "concept_scores": [
    0.0,
    0.0,
    0.0,
    0.0,
    0.0,
    0.0,
    0.0,
    0.0,
    0.0
  ],
  "combo_scores": [
    0.4417148232460022,
    0.4417148232460022,
    0.4417148232460022,
    0.4417148232460022,
    0.4417148232460022,
    0.2952926754951477,
    0.36428311467170715,
    0.36428311467170715,
    0.36428311467170715
  ],
  "restored_index": 0,
  "restored_answer": "a = (a + b + c) / 2"
}