{
  "K": [
    [
      -2,
      1,
      2
    ],
    [
      -1,
      0,
      -1
    ],
    [
      0,
      1,
      -2
    ]
  ],
  "thr_on": 0,
  "thr_off": 0,
  "period": 2,
  "period_sim": 1.0,
  "comp_norm": 0.8522271050347222,
  "ori_iso": 0.7415984210387895,
  "comp_rich": 0.6841727752532867,
  "motion": 0.46209716796875,
  "inv_parity": 1.0,
  "inv_mid": 0.53790283203125,
  "d4_cycle": 1.0,
  "alive": 0.33551025390625,
  "entropy": 0.9204573882475394,
  "glyph_v031": 0.9374337079393665,
  "basin": 0.3333333333333333
}