{
  "meta": {
    "artifacts": "E:\\CNT\\notebooks\\archive\\cnt_unify_v2\\20251109-174538Z",
    "params": {
      "N": 256,
      "burn": 7000,
      "delta": 1.0,
      "dist": "both",
      "dt": 0.005,
      "grid": 61,
      "phase_reps": 3,
      "sigma": 1.0,
      "steps": 8000,
      "window": 900
    },
    "run": "20251109-174538Z",
    "versions": {
      "matplotlib": "3.10.7",
      "numpy": "2.3.4"
    }
  },
  "modes": [
    {
      "K": [
        1.0957691216057306,
        1.1124357882723972,
        1.129102454939064,
        1.1457691216057306,
        1.1624357882723972,
        1.1791024549390638,
        1.1957691216057307,
        1.2124357882723973,
        1.229102454939064,
        1.2457691216057305,
        1.2624357882723973,
        1.279102454939064,
        1.2957691216057305,
        1.3124357882723974,
        1.329102454939064,
        1.3457691216057306,
        1.3624357882723972,
        1.3791024549390638,
        1.3957691216057306,
        1.4124357882723972,
        1.4291024549390638,
        1.4457691216057307,
        1.4624357882723973,
        1.479102454939064,
        1.4957691216057305,
        1.5124357882723973,
        1.529102454939064,
        1.5457691216057305,
        1.5624357882723974,
        1.579102454939064,
        1.5957691216057306,
        1.6124357882723972,
        1.6291024549390638,
        1.6457691216057306,
        1.6624357882723972,
        1.679102454939064,
        1.6957691216057307,
        1.7124357882723973,
        1.729102454939064,
        1.7457691216057305,
        1.762435788272397,
        1.779102454939064,
        1.7957691216057305,
        1.8124357882723974,
        1.829102454939064,
        1.8457691216057306,
        1.8624357882723972,
        1.8791024549390638,
        1.8957691216057306,
        1.9124357882723972,
        1.929102454939064,
        1.9457691216057307,
        1.9624357882723973,
        1.979102454939064,
        1.9957691216057305,
        2.012435788272397,
        2.029102454939064,
        2.0457691216057308,
        2.0624357882723974,
        2.079102454939064,
        2.0957691216057306
      ],
      "K_128_256": 1.5924755626164921,
      "K_64_128": 1.6082642068145092,
      "K_chi": {
        "64": 1.1124357882723972,
        "128": 1.6457691216057306,
        "256": 1.579102454939064
      },
      "Kc_cross": 1.5924755626164921,
      "Kc_hint": 1.5957691216057306,
      "beta_mid": {
        "A": 0.8033649541008157,
        "beta": 0.29631688445688004,
        "points": 12
      },
      "dist": "gauss"
    },
    {
      "K": [
        1.5,
        1.5166666666666666,
        1.5333333333333334,
        1.55,
        1.5666666666666667,
        1.5833333333333333,
        1.6,
        1.6166666666666667,
        1.6333333333333333,
        1.65,
        1.6666666666666667,
        1.6833333333333333,
        1.7,
        1.7166666666666668,
        1.7333333333333334,
        1.75,
        1.7666666666666666,
        1.7833333333333332,
        1.8,
        1.8166666666666667,
        1.8333333333333333,
        1.85,
        1.8666666666666667,
        1.8833333333333333,
        1.9,
        1.9166666666666667,
        1.9333333333333333,
        1.95,
        1.9666666666666668,
        1.9833333333333334,
        2.0,
        2.0166666666666666,
        2.033333333333333,
        2.05,
        2.0666666666666664,
        2.0833333333333335,
        2.1,
        2.1166666666666667,
        2.1333333333333333,
        2.15,
        2.1666666666666665,
        2.1833333333333336,
        2.2,
        2.216666666666667,
        2.2333333333333334,
        2.25,
        2.2666666666666666,
        2.283333333333333,
        2.3,
        2.3166666666666664,
        2.3333333333333335,
        2.35,
        2.3666666666666667,
        2.3833333333333333,
        2.4,
        2.4166666666666665,
        2.4333333333333336,
        2.45,
        2.466666666666667,
        2.4833333333333334,
        2.5
      ],
      "K_128_256": 2.0076607209099397,
      "K_64_128": 1.900596373697672,
      "K_chi": {
        "64": 2.25,
        "128": 1.9833333333333334,
        "256": 2.1
      },
      "Kc_cross": 2.0076607209099397,
      "Kc_hint": 2.0,
      "beta_mid": {
        "A": 0.545867329100015,
        "beta": 0.3432570263612374,
        "points": 30
      },
      "dist": "lorentz"
    }
  ]
}