{
  "K": [
    [
      -1,
      -1,
      -2
    ],
    [
      -1,
      0,
      -2
    ],
    [
      -2,
      0,
      -1
    ]
  ],
  "thr_on": 0,
  "thr_off": -1,
  "period": 2,
  "period_sim": 1.0,
  "comp_norm": 0.9091932508680556,
  "ori_iso": 0.7989173779397516,
  "comp_rich": 0.6,
  "motion": 0.75347900390625,
  "d4_cycle": 1.0,
  "trans_roll": 0.8966064453125,
  "alive": 0.1514892578125,
  "entropy": 0.6135546589338494,
  "glyph_v04": 0.8849584589532319,
  "basin": 1.0,
  "stage": 0
}