{
  "item_id": "math_01",
  "vanilla_sem": 0.8108645081520081,
  "restored_sem_vs_alts": 0.22088776528835297,
  "restored_concept": 1.0,
  "restored_hybrid": 0.6104438826441765,
  "centrality": [
    0.8720775246620178,
    0.8720775246620178,
    0.8720775246620178,
    0.396809846162796,
    0.8720775246620178,
    0.7608904242515564,
    0.8720775246620178,
    0.8720775246620178,
    0.8720775246620178,
    0.8720775246620178,
    0.8720775246620178,
    0.8720775246620178,
    0.22088776528835297
  ],
  "concept_scores": [
    0.0,
    0.0,
    0.0,
    0.0,
    0.0,
    0.0,
    0.0,
    0.0,
    0.0,
    0.0,
    0.0,
    0.0,
    1.0
  ],
  "combo_scores": [
    0.5232465267181396,
    0.5232465267181396,
    0.5232465267181396,
    0.23808591067790985,
    0.5232465267181396,
    0.4565342664718628,
    0.5232465267181396,
    0.5232465267181396,
    0.5232465267181396,
    0.5232465267181396,
    0.5232465267181396,
    0.5232465267181396,
    0.5325326710939408
  ],
  "restored_index": 12,
  "restored_answer": "In a right triangle, the square of the hypotenuse equals the sum of the squares of the legs (a^2 + b^2 = c^2). Example: a=3, b=4, c=5 (since 3^2 + 4^2 = 9 + 16 = 25 = 5^2)."
}