{
  "K5": [
    [
      0,
      0,
      0,
      0,
      1
    ],
    [
      0,
      -1,
      -1,
      -2,
      -1
    ],
    [
      0,
      0,
      0,
      -2,
      0
    ],
    [
      -1,
      -2,
      -1,
      -1,
      0
    ],
    [
      0,
      0,
      -2,
      0,
      0
    ]
  ],
  "thr_on": -1,
  "thr_off": -1,
  "glyph_sync": 0.9495102376787297,
  "glyph_checker": 0.0,
  "pass_sync": 1,
  "pass_checker": 0,
  "basin_checker": 0.0,
  "score": 0.6646571663751107
}