{
  "K": [
    [
      -2,
      2,
      -1
    ],
    [
      0,
      0,
      -1
    ],
    [
      0,
      2,
      -1
    ]
  ],
  "thr_on": 0,
  "thr_off": -1,
  "score": 0.8857385253906249,
  "meta": {
    "comp_norm": 0.9933539496527778,
    "sym": 0.0,
    "rec": 0.7578125,
    "alive": 0.50390625,
    "entropy": 0.9999559719934967,
    "period": 2,
    "period_sim": 1.0,
    "invariance": 0.953125,
    "robustness": 0.9975911458333333,
    "glyphness": 0.8005655924479167
  }
}